/*
MySQL Backup
Source Server Version: 8.0.28
Source Database: shops
Date: 2022/6/13 16:45:54
*/

SET FOREIGN_KEY_CHECKS=0;

-- ----------------------------
--  Table structure for `sh_admin`
-- ----------------------------
DROP TABLE IF EXISTS `sh_admin`;
CREATE TABLE `sh_admin` (
  `id` int NOT NULL AUTO_INCREMENT,
  `account` varchar(10) CHARACTER SET utf8 COLLATE utf8_general_ci NOT NULL COMMENT '管理员账号',
  `name` varchar(10) NOT NULL COMMENT '管理员名称',
  `password` varchar(100) CHARACTER SET utf8 COLLATE utf8_general_ci NOT NULL COMMENT '管理员密码',
  `status` int NOT NULL COMMENT '1为启用，2为禁用',
  `create_time` datetime NOT NULL,
  PRIMARY KEY (`id`)
) ENGINE=InnoDB AUTO_INCREMENT=16 DEFAULT CHARSET=utf8mb3 COMMENT='管理员表';

-- ----------------------------
--  Table structure for `sh_flow`
-- ----------------------------
DROP TABLE IF EXISTS `sh_flow`;
CREATE TABLE `sh_flow` (
  `id` int NOT NULL AUTO_INCREMENT,
  `user_id` int NOT NULL COMMENT '用户',
  `cate` varchar(100) CHARACTER SET utf8 COLLATE utf8_general_ci NOT NULL COMMENT '分类',
  `money` decimal(10,2) NOT NULL COMMENT '操作金额',
  `end_money` decimal(10,2) NOT NULL COMMENT '剩余金额',
  `create_time` datetime NOT NULL COMMENT '创建时间',
  PRIMARY KEY (`id`),
  KEY `user_id` (`user_id`),
  CONSTRAINT `sh_flow_ibfk_1` FOREIGN KEY (`user_id`) REFERENCES `sh_user` (`id`) ON DELETE CASCADE ON UPDATE CASCADE
) ENGINE=InnoDB AUTO_INCREMENT=35 DEFAULT CHARSET=utf8mb3 COMMENT='流水表';

-- ----------------------------
--  Table structure for `sh_goods`
-- ----------------------------
DROP TABLE IF EXISTS `sh_goods`;
CREATE TABLE `sh_goods` (
  `id` int NOT NULL AUTO_INCREMENT,
  `name` varchar(20) CHARACTER SET utf8 COLLATE utf8_general_ci NOT NULL COMMENT '名字',
  `price` decimal(10,2) NOT NULL COMMENT '价格',
  `number` int NOT NULL COMMENT '库存',
  `content` text CHARACTER SET utf8 COLLATE utf8_general_ci NOT NULL COMMENT '内容',
  `status` tinyint NOT NULL COMMENT '状态，1为上架，2为下架',
  `create_time` datetime NOT NULL COMMENT '创建时间',
  PRIMARY KEY (`id`)
) ENGINE=InnoDB AUTO_INCREMENT=56 DEFAULT CHARSET=utf8mb3 COMMENT='商品表';

-- ----------------------------
--  Table structure for `sh_order`
-- ----------------------------
DROP TABLE IF EXISTS `sh_order`;
CREATE TABLE `sh_order` (
  `id` int NOT NULL AUTO_INCREMENT COMMENT '订单id',
  `user_id` int NOT NULL COMMENT '用户',
  `goods_id` int NOT NULL COMMENT '商品',
  `status` tinyint NOT NULL COMMENT '状态，0为未发货，1为已发货，2为拒绝，3为已完成',
  `goods_count` int NOT NULL,
  `create_time` datetime NOT NULL COMMENT '创建时间',
  PRIMARY KEY (`id`),
  KEY `user_id` (`user_id`),
  KEY `goods_id` (`goods_id`),
  CONSTRAINT `sh_order_ibfk_1` FOREIGN KEY (`user_id`) REFERENCES `sh_user` (`id`) ON DELETE CASCADE ON UPDATE CASCADE,
  CONSTRAINT `sh_order_ibfk_2` FOREIGN KEY (`goods_id`) REFERENCES `sh_goods` (`id`) ON DELETE CASCADE ON UPDATE CASCADE
) ENGINE=InnoDB AUTO_INCREMENT=33 DEFAULT CHARSET=utf8mb3 COMMENT='订单表';

-- ----------------------------
--  Table structure for `sh_user`
-- ----------------------------
DROP TABLE IF EXISTS `sh_user`;
CREATE TABLE `sh_user` (
  `id` int NOT NULL AUTO_INCREMENT COMMENT '用户id',
  `account` varchar(20) CHARACTER SET utf8 COLLATE utf8_general_ci NOT NULL COMMENT '账号',
  `name` varchar(10) NOT NULL COMMENT '用户名称',
  `password` varchar(100) CHARACTER SET utf8 COLLATE utf8_general_ci NOT NULL COMMENT '用户密码',
  `money` decimal(10,2) NOT NULL COMMENT '用户账户余额',
  `status` int NOT NULL COMMENT '1启用，2为禁用',
  `create_time` datetime NOT NULL COMMENT '创建时间',
  PRIMARY KEY (`id`)
) ENGINE=InnoDB AUTO_INCREMENT=19 DEFAULT CHARSET=utf8mb3 COMMENT='用户表';

-- ----------------------------
--  Records 
-- ----------------------------
INSERT INTO `sh_admin` VALUES ('4','444','444','444','1','2022-06-08 17:45:09'), ('5','321','321','321','1','2022-05-26 12:41:08'), ('6','321','321','321','2','2022-05-26 12:41:08'), ('7','321','321','321','2','2022-05-26 12:41:08'), ('8','321','321','321','2','2022-05-26 12:41:08'), ('9','321','321','321','2','2022-05-26 12:41:08'), ('10','321','321','321','2','2022-05-26 12:41:08'), ('11','321','321','321','2','2022-05-26 12:41:08'), ('12','321','321','321','2','2022-05-26 12:41:08'), ('13','321','321','321','2','2022-05-26 12:41:08'), ('14','aaa','aaa','aaa','0','2022-06-09 19:07:02'), ('15','bbb','bbb','bbb','1','2022-06-09 19:08:01');
INSERT INTO `sh_flow` VALUES ('1','1','购买computer','2.00','974.00','2022-06-01 18:39:00'), ('2','1','充值','10.00','1055.00','2022-06-01 19:02:58'), ('3','1','充值','0.00','1055.00','2022-06-01 19:03:01'), ('4','1','充值','20.00','1075.00','2022-06-01 19:03:06'), ('5','1','充值','10.00','1085.00','2022-06-01 21:30:08'), ('6','1','购买computer','-2.00','1083.00','2022-06-02 17:16:44'), ('7','1','购买computer','-10.00','1073.00','2022-06-02 17:16:52'), ('8','1','购买computer','-6.00','1067.00','2022-06-02 17:34:19'), ('9','1','购买nike','-999.00','68.00','2022-06-07 15:57:19'), ('10','1','购买nike','-1.00','67.00','2022-06-07 16:00:16'), ('11','1','购买nike','-1.00','66.00','2022-06-07 16:09:17'), ('12','1','退还computer金额','10800.00','21666.00','2022-06-07 16:14:27'), ('13','1','退还computer金额','10800.00','32466.00','2022-06-07 16:16:55'), ('14','1','退还computer金额','10800.00','43266.00','2022-06-07 16:17:31'), ('15','1','退还computer金额','10800.00','54066.00','2022-06-07 16:17:39'), ('16','1','购买nike','-1.00','54065.00','2022-06-07 16:30:23'), ('17','1','退还computer金额','10800.00','64865.00','2022-06-07 16:30:34'), ('18','1','购买nike','-1.00','64864.00','2022-06-07 16:32:32'), ('19','1','退还computer金额','10800.00','75664.00','2022-06-07 16:32:38'), ('20','1','购买nike','-1.00','75663.00','2022-06-07 16:38:35'), ('21','1','退还computer金额','10800.00','86463.00','2022-06-07 16:38:41'), ('22','1','购买nike','-1.00','86462.00','2022-06-07 16:41:49'), ('23','1','退还computer金额','10800.00','97262.00','2022-06-07 16:42:00'), ('24','1','购买nike','-1.00','97261.00','2022-06-07 16:54:07'), ('25','1','退还nike金额','1.00','97262.00','2022-06-07 16:54:16'), ('26','1','购买nike','-1.00','97261.00','2022-06-07 17:38:10'), ('27','1','退还nike金额','1.00','97262.00','2022-06-07 17:38:18'), ('28','1','购买adidas','-100.33','97161.67','2022-06-08 11:40:35'), ('29','2','购买nike','-1.00','97160.67','2022-06-08 18:30:56'), ('30','1','退还nike金额','1.00','97161.67','2022-06-08 18:31:07'), ('31','1','购买nike','-1.00','97160.67','2022-06-09 18:05:04'), ('32','1','购买李宁','-2444.00','94716.67','2022-06-10 10:40:24'), ('33','1','退还李宁金额','1222.00','95938.67','2022-06-10 10:41:16'), ('34','1','购买电脑','-10000.00','85938.67','2022-06-13 16:43:15');
INSERT INTO `sh_goods` VALUES ('1','电脑','10000.00','20','笔记本电脑','1','2022-05-23 10:25:00'), ('2','手机','3999.00','20','华为手机','1','2022-05-23 12:08:33'), ('3','相机','23333.00','10','sony相机','1','2022-05-23 12:09:08'), ('4','手机','9999.00','23','iphone','1','2022-05-23 12:09:44'), ('5','电脑','8999.00','88','联想电脑，质量问题下架','0','2022-05-23 12:10:27'), ('6','电脑','3999.00','100','惠普','1','2022-05-23 12:13:58'), ('7','电脑','10000.00','3','笔记本电脑','1','2022-05-23 10:25:00'), ('9','电脑','10000.00','3','笔记本电脑','1','2022-05-23 10:25:00'), ('10','电脑','10000.00','2','笔记本电脑','1','2022-05-23 10:25:00'), ('11','电脑','10000.00','3','笔记本电脑','1','2022-05-23 10:25:00'), ('12','电脑','10000.00','3','笔记本电脑','1','2022-05-23 10:25:00'), ('13','电脑','10000.00','3','笔记本电脑','1','2022-05-23 10:25:00'), ('14','电脑','10000.00','3','笔记本电脑','1','2022-05-23 10:25:00'), ('15','电脑','10000.00','3','笔记本电脑','1','2022-05-23 10:25:00'), ('16','电脑','10000.00','3','笔记本电脑','1','2022-05-23 10:25:00'), ('17','电脑','10000.00','3','笔记本电脑','1','2022-05-23 10:25:00'), ('18','电脑','10000.00','3','笔记本电脑','1','2022-05-23 10:25:00'), ('19','电脑','10000.00','3','笔记本电脑','1','2022-05-23 10:25:00'), ('20','电脑','10000.00','3','笔记本电脑','1','2022-05-23 10:25:00'), ('21','电脑','10000.00','3','笔记本电脑','1','2022-05-23 10:25:00'), ('22','电脑','10000.00','3','笔记本电脑','1','2022-05-23 10:25:00'), ('23','电脑','10000.00','3','笔记本电脑','1','2022-05-23 10:25:00'), ('24','电脑','10000.00','3','笔记本电脑','1','2022-05-23 10:25:00'), ('25','电脑','10000.00','3','笔记本电脑','1','2022-05-23 10:25:00'), ('26','电脑','10000.00','3','笔记本电脑','1','2022-05-23 10:25:00'), ('27','电脑','10000.00','3','笔记本电脑','1','2022-05-23 10:25:00'), ('28','电脑','10000.00','3','笔记本电脑','1','2022-05-23 10:25:00'), ('29','电脑','10000.00','3','笔记本电脑','1','2022-05-23 10:25:00'), ('30','电脑','10000.00','3','笔记本电脑','1','2022-05-23 10:25:00'), ('31','电脑','10000.00','3','笔记本电脑','1','2022-05-23 10:25:00'), ('32','电脑','10000.00','3','笔记本电脑','1','2022-05-23 10:25:00'), ('33','电脑','10000.00','3','笔记本电脑','1','2022-05-23 10:25:00'), ('34','电脑','10000.00','3','笔记本电脑','1','2022-05-23 10:25:00'), ('35','电脑','10000.00','3','笔记本电脑','1','2022-05-23 10:25:00'), ('36','电脑','10000.00','3','笔记本电脑','1','2022-05-23 10:25:00'), ('37','电脑','10000.00','3','笔记本电脑','1','2022-05-23 10:25:00'), ('38','computer','10800.00','23','ttt','1','2022-05-23 13:01:00'), ('39','computer','10800.00','23','ttt','1','2022-05-23 13:01:00'), ('40','computer','10800.00','23','ttt','1','2022-05-23 13:01:00'), ('41','computer','10800.00','23','ttt','1','2022-05-23 13:01:00'), ('42','computer','10800.00','23','ttt','1','2022-05-23 13:01:00'), ('43','computer','10800.00','20','ttt','1','2022-05-23 13:01:00'), ('44','computer','10800.00','23','ttt','1','2022-05-23 13:01:00'), ('46','computer','10800.00','444','ttt','1','2022-05-23 13:01:00'), ('50','nike','1.00','5','nike春季新品','2','2022-05-23 13:01:00'), ('51','李宁','1222.00','32','中国制造','1','2022-06-09 19:24:05');
INSERT INTO `sh_order` VALUES ('3','1','46','0','1','2022-05-30 16:37:59'), ('5','1','4','0','3','2022-05-30 18:59:11'), ('6','1','43','0','1','2022-06-01 11:55:34'), ('7','1','43','0','1','2022-06-01 11:55:42'), ('8','1','43','0','1','2022-06-01 11:55:55'), ('9','1','50','0','1','2022-06-01 18:11:40'), ('10','1','50','0','1','2022-06-01 18:11:44'), ('11','1','50','0','1','2022-06-01 18:11:47'), ('12','1','50','0','1','2022-06-01 18:32:25'), ('13','1','50','0','4','2022-06-01 18:32:27'), ('14','1','50','0','3','2022-06-01 18:32:30'), ('15','1','50','0','1','2022-06-01 18:39:00'), ('16','1','50','2','1','2022-06-02 17:16:44'), ('17','1','50','2','5','2022-06-02 17:16:52'), ('18','1','50','2','3','2022-06-02 17:34:19'), ('19','1','50','3','1','2022-06-07 15:57:19'), ('20','1','50','2','1','2022-06-07 16:00:16'), ('21','1','50','2','1','2022-06-07 16:09:17'), ('22','1','50','2','1','2022-06-07 16:30:23'), ('23','1','50','2','1','2022-06-07 16:32:32'), ('24','1','50','2','1','2022-06-07 16:38:35'), ('25','1','50','2','1','2022-06-07 16:41:49'), ('26','1','50','2','1','2022-06-07 16:54:07'), ('27','1','50','2','1','2022-06-07 17:38:10'), ('29','1','50','2','1','2022-06-08 18:30:56'), ('30','1','50','0','1','2022-06-09 18:05:04'), ('31','1','51','2','2','2022-06-10 10:40:24'), ('32','1','10','3','1','2022-06-13 16:43:15');
INSERT INTO `sh_user` VALUES ('1','111','111','111','85938.67','1','2022-05-17 19:06:57'), ('2','123','123','123','0.00','1','2022-05-18 15:03:53'), ('3','456','1','123321','0.00','1','2022-05-18 15:04:43'), ('5','321','321','123qwe','0.00','1','2022-05-18 15:07:51'), ('6','www','www','123','0.00','1','2022-05-18 15:10:15'), ('7','qqq','qqq','123','0.00','1','2022-05-18 15:10:45'), ('8','fff','fff','fff','0.00','1','2022-05-19 16:13:50'), ('9','rrr','rrr','rrr','0.00','1','2022-05-19 16:14:50'), ('10','12332','121','121','0.00','0','2022-05-19 16:19:49'), ('11','121','121','121','0.00','2','2022-05-19 16:20:58'), ('12','eee','121','121','0.00','1','2022-05-24 14:40:25'), ('13','111222','111222','111222','0.00','1','2022-05-27 09:56:21'), ('14','t1ming','t1ming','111','0.00','1','2022-05-27 12:38:48'), ('15','ddd','ddd','ddd','0.00','1','2022-06-09 18:46:45'), ('17','000','000','000','0.00','2','2022-06-09 18:51:40'), ('18','vvv','vvv','vvv','0.00','2','2022-06-09 18:51:52');
